{
  "similarity_analysis": {
    "feature_names": [
      "length",
      "molecular_weight",
      "charge",
      "hydrophobicity",
      "percent_hydrophobic",
      "percent_charged",
      "percent_polar",
      "percent_aromatic",
      "percent_positive",
      "percent_negative"
    ],
    "feature_stats": {
      "mean": [
        21.584453582763672,
        2494.333984375,
        0.5895299911499023,
        -0.34077537059783936,
        38.62879943847656,
        28.145349502563477,
        23.80148696899414,
        10.310355186462402,
        18.502805709838867,
        9.642577171325684
      ],
      "std": [
        9.364810943603516,
        1070.1214599609375,
        3.3664844036102295,
        0.9140974879264832,
        13.96683406829834,
        13.549901008605957,
        13.817038536071777,
        9.618210792541504,
        14.064523696899414,
        8.729151725769043
      ],
      "min": [
        6.0,
        600.6682739257812,
        -8.38657283782959,
        -3.9000000953674316,
        0.0,
        0.0,
        0.0,
        0.0,
        0.0,
        0.0
      ],
      "max": [
        46.0,
        5373.03369140625,
        13.75600528717041,
        2.5399999618530273,
        81.81818389892578,
        100.0,
        72.7272720336914,
        50.0,
        100.0,
        60.0
      ]
    },
    "similarity_stats": {
      "mean": 0.08327009528875351,
      "median": 0.0810810774564743,
      "std": 0.04908153414726257,
      "min": 0.0,
      "max": 0.3333333432674408,
      "quartiles": [
        0.05000000074505806,
        0.0810810774564743,
        0.1111111119389534
      ],
      "histogram": {
        "bins": [
          0.0,
          0.05,
          0.1,
          0.15000000000000002,
          0.2,
          0.25,
          0.30000000000000004,
          0.35000000000000003,
          0.4,
          0.45,
          0.5,
          0.55,
          0.6000000000000001,
          0.65,
          0.7000000000000001,
          0.75,
          0.8,
          0.8500000000000001,
          0.9,
          0.9500000000000001,
          1.0
        ],
        "counts": [
          132323,
          219226,
          153032,
          28006,
          3911,
          2506,
          3357,
          0,
          0,
          0,
          0,
          0,
          0,
          0,
          0,
          0,
          0,
          0,
          0,
          0
        ]
      }
    }
  },
  "clustering": {
    "kmeans": {
      "cluster_centers": [
        [
          -0.5467442870140076,
          -0.5415423512458801,
          0.3012467324733734,
          0.09440942108631134,
          0.08709850907325745,
          -0.04847629368305206,
          -0.15051184594631195,
          0.17929615080356598,
          0.17103347182273865,
          -0.3508200943470001
        ],
        [
          1.2676138877868652,
          1.2555506229400635,
          -0.6984314918518066,
          -0.2188854217529297,
          -0.20193521678447723,
          0.11239105463027954,
          0.34895747900009155,
          -0.41569337248802185,
          -0.3965359628200531,
          0.8133660554885864
        ]
      ],
      "inertia": 8224.1748046875,
      "cluster_sizes": [
        728,
        314
      ],
      "silhouette_score": 0.2188732773065567,
      "calinski_harabasz_score": 277.6762390136719,
      "davies_bouldin_score": 1.4893613956005192,
      "labels_info": {
        "unique_values": [
          0,
          1
        ],
        "counts": {
          "0": 728,
          "1": 314
        },
        "n_samples": 1042
      }
    }
  },
  "statistics": {
    "property_stats": [
      {
        "mean": 21.584453582763672,
        "median": 20.0,
        "std": 9.364810943603516,
        "min": 6.0,
        "max": 46.0,
        "quartiles": [
          15.0,
          20.0,
          30.0
        ]
      },
      {
        "mean": 2494.33544921875,
        "median": 2227.56005859375,
        "std": 1070.12158203125,
        "min": 600.6682739257812,
        "max": 5373.03369140625,
        "quartiles": [
          1721.18212890625,
          2227.56005859375,
          3386.23291015625
        ]
      },
      {
        "mean": 0.5895308256149292,
        "median": 0.7408736944198608,
        "std": 3.3664841651916504,
        "min": -8.38657283782959,
        "max": 13.75600528717041,
        "quartiles": [
          -1.2692298591136932,
          0.7408736944198608,
          2.456649661064148
        ]
      },
      {
        "mean": -0.34077537059783936,
        "median": -0.30941176414489746,
        "std": 0.9140976667404175,
        "min": -3.9000000953674316,
        "max": 2.5399999618530273,
        "quartiles": [
          -0.8432432413101196,
          -0.30941176414489746,
          0.22581521794199944
        ]
      },
      {
        "mean": 38.62881851196289,
        "median": 37.71551513671875,
        "std": 13.966856002807617,
        "min": 0.0,
        "max": 81.81818389892578,
        "quartiles": [
          30.0,
          37.71551704406738,
          48.0
        ]
      },
      {
        "mean": 28.145374298095703,
        "median": 27.272727966308594,
        "std": 13.549910545349121,
        "min": 0.0,
        "max": 100.0,
        "quartiles": [
          20.0,
          27.272727966308594,
          33.33333206176758
        ]
      },
      {
        "mean": 23.801454544067383,
        "median": 25.0,
        "std": 13.817022323608398,
        "min": 0.0,
        "max": 72.7272720336914,
        "quartiles": [
          15.0,
          25.0,
          33.33333206176758
        ]
      },
      {
        "mean": 10.310357093811035,
        "median": 8.571428298950195,
        "std": 9.618206024169922,
        "min": 0.0,
        "max": 50.0,
        "quartiles": [
          2.857142925262451,
          8.571428298950195,
          15.0
        ]
      },
      {
        "mean": 18.50279426574707,
        "median": 15.0,
        "std": 14.064536094665527,
        "min": 0.0,
        "max": 100.0,
        "quartiles": [
          10.0,
          15.0,
          22.727272033691406
        ]
      },
      {
        "mean": 9.642579078674316,
        "median": 7.947368621826172,
        "std": 8.72913932800293,
        "min": 0.0,
        "max": 60.0,
        "quartiles": [
          0.0,
          7.947368383407593,
          16.66666603088379
        ]
      }
    ],
    "similarity_distribution": {
      "mean": 0.08327009528875351,
      "median": 0.0810810774564743,
      "std": 0.04908153414726257,
      "min": 0.0,
      "max": 0.3333333432674408,
      "quartiles": [
        0.05000000074505806,
        0.0810810774564743,
        0.1111111119389534
      ],
      "histogram": {
        "bins": [
          0.0,
          0.017543859779834747,
          0.035087719559669495,
          0.05263157933950424,
          0.07017543911933899,
          0.08771929889917374,
          0.10526315867900848,
          0.12280701845884323,
          0.14035087823867798,
          0.15789473056793213,
          0.17543859779834747,
          0.19298246502876282,
          0.21052631735801697,
          0.22807016968727112,
          0.24561403691768646,
          0.2631579041481018,
          0.28070175647735596,
          0.2982456088066101,
          0.31578946113586426,
          0.3333333432674408
        ],
        "counts": [
          44134,
          22953,
          73472,
          54510,
          80640,
          91388,
          62333,
          42262,
          32889,
          14448,
          10521,
          4581,
          1080,
          745,
          542,
          785,
          672,
          1049,
          1497,
          1860
        ]
      }
    },
    "group_analysis": {
      "n_groups": 2,
      "counts": {
        "0": 444,
        "1": 598
      },
      "within_group_similarities": {
        "0": {
          "mean": 0.0789007619023323,